ADM2_NAME,RP,Is_Urban,Distance_to_River_m,Latitude,Longitude
Aba South,1.5,1,4289.16,5.0876592,7.3497135
Abadam,4.0,0,7903.54,13.3704259,13.2681609
Abaji,1.5,0,3933.61,8.8678966,6.8281816
Abak,1.5,1,10738.83,5.0040731,7.7956668
Abakaliki,1.5,1,496.99,6.3208897,8.1133202
Abeokuta North,1.5,0,5226.66,7.2344952,3.2012259
Abeokuta South,1.5,1,2530.53,7.1594138,3.3645466
Abi,1.5,1,404.81,5.8866834,8.0328711
Aboh-Mbaise,1.5,0,6473.65,5.4188933,7.2606702
Abua/Odual,1.5,0,1644.29,4.8469396,6.5600328
Abuja Municipal,3.0,1,1310.17,9.0805107,7.4969005
Adavi,1.5,0,91.39,7.6844147,6.4667075
Ado,1.5,1,300.68,6.7801258,8.0613627
Ado Ekiti,1.5,1,20000.0,7.6232482,5.22274
Ado-Odo/Ota,1.5,0,11857.25,6.6244986,3.0822509
Afijio,1.5,0,13712.75,7.7478111,3.8965833
Afikpo North,1.5,1,3398.85,5.860247,7.9184712
Afikpo South,1.5,0,14350.7,5.8274591,7.7839142
Agaie,4.0,0,4576.65,8.9354301,6.4320188
Agatu,1.5,0,13008.06,7.8731757,7.8796916
Aguata,1.5,1,6951.67,5.9842248,7.0906432
Agwara,1.5,0,2064.47,10.7453014,4.5394175
Ahiazu-Mbaise,1.5,0,3991.51,5.5631995,7.2636268
Ahoada East,1.5,0,1839.92,5.0504985,6.64296
Ahoada West,1.5,0,5902.75,5.041966,6.513134
Aiyedade,1.5,0,4699.4,7.344518,4.3614141
Aiyedire,1.5,0,1792.63,7.5724511,4.2162199
Ajaokuta,1.5,1,1688.68,7.5639973,6.6291171
Ajingi,1.5,1,11849.26,11.958974,9.0338731
Akamkpa,1.5,1,1546.38,5.3896461,8.5446556
Akinyele,4.0,0,3434.57,7.5545037,3.9120421
Akko,1.5,0,3723.87,10.1003094,11.0028596
Akoko North East,1.5,0,20000.0,7.5625875,5.9042263
Akoko North West,1.5,1,20000.0,7.6501792,5.8147441
Akoko South East,1.5,0,19381.69,7.4224909,5.9050607
Akoko South West,1.5,1,20000.0,7.4008129,5.7056416
Akoko-Edo,1.5,0,18410.18,7.3523936,6.1252351
Akpabuyo,1.5,1,10066.85,4.8956344,8.4803881
Akuku Toru,1.5,0,100.03,4.533629,6.6786707
Akure North,1.5,0,7535.15,7.2520758,5.3143805
Akure South,1.5,1,8639.08,7.22318,5.1688323
Akwanga,1.5,0,9324.17,9.0152703,8.3406254
Albasu,1.5,0,14484.24,11.6460292,9.0403142
Aleiro,1.5,1,11413.26,12.3203117,4.4531952
Alimosho,1.5,0,3703.86,6.5843883,3.2575876
Alkaleri,1.5,0,11157.58,9.896816,10.4308366
Amuwo-Odofin,1.5,1,2060.15,6.4470565,3.2663155
Anambra East,1.5,1,5971.66,6.3146982,6.8929567
Anambra West,1.5,0,3491.63,6.4925694,6.7765786
Anaocha,1.5,1,9136.49,6.0922999,7.0211714
Andoni,1.5,0,37.71,4.5061458,7.4073072
Aninri,1.5,0,17820.5,6.0679259,7.5971085
Aniocha North,1.5,0,9836.58,6.3679941,6.4702804
Aniocha South,1.5,1,9123.41,6.1419725,6.4773901
Anka,1.5,0,11936.45,11.9832114,5.9642846
Ankpa,1.5,1,20000.0,7.4693182,7.6191528
Apa,1.5,0,20000.0,7.6006341,7.8852036
Apapa,1.5,1,1186.15,6.445187,3.3683732
Ardo-Kola,1.5,1,813.22,8.8470989,11.1325195
Arewa-Dandi,1.5,1,20000.0,12.7215033,4.0747579
Argungu,1.5,1,967.18,12.6967675,4.4473728
Arochukwu,1.5,0,14337.01,5.5185153,7.8694045
Asa,1.5,0,5410.38,8.4132651,4.4423815
Asari-Toru,1.5,0,254.33,4.7529381,6.8348322
Askira/Uba,2.0,1,3918.74,10.7251526,13.1565189
Atiba,1.5,0,15914.43,8.2356925,3.8685804
Augie,1.5,1,2714.78,12.9010929,4.6290649
Auyo,1.5,1,2509.69,12.3333297,9.9128345
Awe,1.5,1,8234.44,8.2167306,9.1609237
Awgu,1.5,0,20000.0,6.1731327,7.4512478
Awka North,1.5,0,2236.26,6.3417876,7.0583437
Awka South,1.5,1,585.47,6.1940561,7.0943469
Ayamelum,1.5,0,6998.38,6.5346229,6.9747974
Babura,1.5,1,20000.0,12.6050122,8.8275802
Badagry,1.5,1,4596.86,6.4393223,2.9060324
Bade,1.5,0,2144.83,10.0608705,13.267365
Bagudo,1.5,1,6651.51,11.4040393,4.2277586
Bagwai,1.5,1,155.15,12.1017637,8.1198444
Bakori,1.5,1,13552.58,11.6774063,7.4077956
Bakura,1.5,1,15230.02,12.5584645,5.8640739
Balanga,1.5,0,1741.64,9.945255,11.600761
Bali,2.0,1,10448.62,8.0906258,10.9522619
Bama,1.5,0,5122.46,11.54544,14.0064277
Barikin Ladi,1.5,0,5101.1,9.533333,8.9
Baruten,15.0,0,16104.76,9.384549,3.4806575
Bassa,1.5,0,12631.14,7.7467992,6.9610649
Batagarawa,1.5,1,1882.68,12.8677769,7.5314298
Batsari,1.5,1,664.5,12.8454221,7.2679827
Bauchi,7.0,1,2165.77,10.6228284,10.0287754
Baure,1.5,0,20000.0,12.7897719,8.7816395
Bayo,1.5,1,560.69,10.452489,11.6827984
Bebeji,1.5,1,10786.44,11.5370886,8.3106486
Bende,1.5,0,13223.59,5.6390798,7.5893402
Biase,1.5,0,3808.25,5.547368,8.0520267
Bichi,1.5,1,3895.75,12.2334,8.24026
Bida,1.5,1,48.93,9.083333,6.016667
Billiri,1.5,0,7283.25,9.8350997,11.1418759
Bindawa,1.5,1,12505.82,12.7082443,7.8815931
Binji,1.5,1,16406.66,13.2095387,4.7694358
Biriniwa,1.5,1,20000.0,12.8364638,10.0835719
Birni Kudu,1.5,1,2252.36,10.5215406,7.4247932
Birnin Kebbi,1.5,1,2657.84,12.4573462,4.2006114
Birnin Magaji,1.5,0,783.5,12.1655937,5.3021667
Birnin-Gwari,1.5,1,10873.22,10.88377,6.585878
Biu,1.5,1,5254.72,10.6146098,12.1909612
Bodinga,1.5,1,7869.87,12.8106793,5.1723538
Bogoro,2.0,1,7419.55,9.6369083,9.6200272
Boki,1.5,0,176.86,6.2680357,9.0290841
Bokkos,1.5,0,10084.71,9.2285352,8.8948024
Boluwaduro,2.0,0,14552.99,7.9466403,4.8092286
Bomadi,1.5,0,2025.63,5.2255299,5.8097295
Bonny,1.5,0,798.92,4.505781,7.203466
Borgu,3.0,0,10044.61,10.1967653,4.0920206
Boripe,1.5,0,9042.21,7.8622022,4.6594465
Bosso,4.0,0,11097.15,9.6009083,6.3466716
Brass,1.5,0,407.1,4.5121961,6.4818845
Buji,1.5,1,10876.63,11.5483373,9.7315015
Bukkuyum,1.5,1,7101.53,11.9850101,5.5834557
Bungudu,1.5,1,2119.3,12.0079549,6.5157571
Bunkure,1.5,1,8152.51,11.6690434,8.5487486
Bunza,1.5,0,3980.61,12.2010775,3.9337264
Bursari,1.5,1,12030.09,12.4514335,10.7178005
Buruku,1.5,0,918.71,7.4191966,9.2137482
Burutu,1.5,1,564.99,5.3522824,5.5079208
Bwari,3.0,0,6494.72,9.2357478,7.4718746
Calabar South,1.5,1,204.61,4.8527025,8.3207315
Calabar-Municipal,1.5,1,3432.56,5.0153885,8.346658
Chanchaga,1.5,1,5895.5,9.6194134,6.5496471
Charanchi,1.5,1,8045.06,12.5582006,7.6759502
Chibok,1.5,1,6079.51,10.8690461,12.8480309
Chikun,1.5,0,4703.95,10.4202275,7.3135795
Damaturu,1.5,1,20000.0,11.747,11.9608
Damban,2.0,1,17395.67,11.617606,10.7666868
Dambatta,1.5,0,11634.35,12.428521,8.5965507
Damboa,1.5,1,5689.56,11.0793105,12.6688633
Dan Musa,1.5,1,1314.92,12.2587684,7.2858517
Dandi,1.5,1,20000.0,11.9019676,3.7945764
Dandume,1.5,1,20000.0,11.4169922,7.2224595
Dange-Shuni,1.5,0,20000.0,12.8256542,5.4191047
Danja,1.5,1,14445.51,11.4083136,7.4790533
Darazo,1.5,1,14633.27,11.1188755,10.5562017
Dass,2.0,1,4504.35,10.0114079,9.4718203
Daura,1.5,1,7773.8,13.035917,8.319388
Dawakin Kudu,1.5,1,3072.34,11.7974797,8.7065887
Dawakin Tofa,1.5,1,7127.14,12.142136,8.3611161
Degema,1.5,0,869.51,4.5905613,6.9389479
Dekina,1.5,0,20000.0,7.5953906,7.1434419
Demsa,1.5,0,1103.97,9.4222181,12.0875217
Dikwa,1.5,1,11199.97,11.9443017,14.0711604
Doguwa,3.0,0,3420.14,10.8799648,8.6761589
Doma,1.5,1,7513.35,8.3922968,8.3565453
Donga,1.5,0,0.0,7.2330632,10.499495
Dukku,1.5,1,20000.0,10.7799177,10.8210523
Dunukofia,1.5,0,8016.5,6.2738049,6.9780011
Dutse,1.5,1,12035.31,11.6909859,9.3390747
Dutsin-Ma,1.5,1,8593.41,12.4067522,7.527285
Eastern Obolo,1.5,1,195.66,4.5365226,7.7059004
Ebonyi,1.5,1,10974.74,6.1996918,8.0348906
Edati,1.5,0,10940.58,8.9633375,5.9997548
Ede North,1.5,0,1582.94,7.7344181,4.4739981
Ede South,1.5,0,9407.15,7.6592076,4.4636917
Edu,1.5,0,5592.15,8.8453918,5.2120792
Efon,1.5,0,17622.0,7.6836482,4.9348868
Egbado North,1.5,0,4684.9,7.1260629,2.9408573
Egbado South,1.5,0,5395.11,6.7778024,2.9583573
Egbeda,4.0,0,900.07,7.3926447,4.0387216
Egbedore,1.5,1,3546.72,7.7874849,4.4362977
Egor,1.5,0,9484.04,6.3438385,5.5615668
Ehime-Mbano,1.5,0,5029.21,5.6882541,7.3001814
Ejigbo,1.5,1,16645.41,7.8999894,4.3167086
Ekeremor,1.5,0,1284.98,4.9440157,5.710206
Eket,1.5,0,988.43,4.6360066,7.9575416
Ekiti,1.5,0,20000.0,7.736891,5.2738326
Ekiti East,1.5,1,20000.0,7.7208095,5.6597767
Ekiti South West,1.5,0,14042.35,7.5234638,5.0333579
Ekiti West,1.5,0,20000.0,7.7210934,5.034239
Ekwusigo,1.5,1,3803.1,5.9883647,6.8402004
Eleme,1.5,0,1556.0,4.7506524,7.1474252
Emohua,1.5,1,3336.1,4.8838852,6.8609777
Emure,1.5,0,20000.0,7.4293752,5.5129244
Enugu East,1.5,0,2877.19,6.5483445,7.5568359
Enugu North,1.5,1,3898.63,6.4410785,7.5383207
Enugu South,1.5,1,3530.7,6.4001343,7.5139031
Epe,1.5,1,8952.52,6.5857286,3.975694
Esan Central,1.5,1,20000.0,6.7047055,6.2079259
Esan North East,1.5,0,15845.09,6.7867315,6.4334884
Esan South East,1.5,0,3297.12,6.576807,6.4860838
Esan West,1.5,0,20000.0,6.6546491,6.1396625
Ese-Odo,1.5,0,153.86,6.2308481,4.9530442
Esit - Eket,1.5,1,4999.14,4.642734,8.0759035
Essien Udim,1.5,0,2322.18,5.1035626,7.6567273
Etche,1.5,0,2972.36,5.0765321,7.0926388
Ethiope East,1.5,0,993.22,5.6672926,5.9721297
Ethiope West,1.5,0,4929.24,5.9113228,5.7758592
Eti-Osa,1.5,1,7284.62,6.4592426,3.532073
Etim Ekpo,1.5,1,6183.16,4.954823,7.5738446
Etinan,1.5,1,2251.75,4.8457415,7.8431499
Etsako Central,1.5,0,5980.14,6.978096,6.5157761
Etsako East,1.5,0,5866.98,7.1872207,6.5169123
Etsako West,1.5,0,2562.87,6.9969282,6.3018014
Etung,1.5,0,6466.72,5.8739933,8.8076153
Ewekoro,1.5,0,14539.95,6.961699,3.1734405
Ezeagu,1.5,0,15421.45,6.4170554,7.2379601
Ezinihitte,1.5,0,4109.3,5.4732246,7.3224601
Ezza North,1.5,1,10773.19,6.2590742,7.9835226
Ezza South,1.5,0,7548.56,6.1269331,8.021691
Fagge,1.5,0,3412.64,12.032223,8.5174197
Fakai,1.5,1,8371.01,11.5267507,4.8830122
Faskari,1.5,1,8323.84,11.7138498,7.0993315
Fika,1.5,1,20000.0,11.320567,11.2729093
Fufore,1.5,0,8633.78,9.2577101,12.7592871
Funakaye,1.5,1,8919.27,10.8541991,11.4446812
Fune,1.5,0,16484.85,11.8920217,11.4324499
Funtua,1.5,1,10455.24,11.5232142,7.307497
Gabasawa,1.5,0,11724.49,12.1348836,8.8570347
Gada,1.5,1,7869.43,13.6829016,5.7011027
Gagarawa,1.5,1,20000.0,12.4856312,9.5202629
Gamawa,1.5,1,19548.89,12.014595,10.5934781
Ganjuwa,3.0,1,2562.14,10.7493609,9.9899566
Ganye,1.5,0,7874.07,8.4379908,11.8544901
Garki,1.5,1,20000.0,12.4303749,9.1130416
Garko,1.5,1,11353.64,11.5649275,8.8369338
Garum Mallam,1.5,1,4876.47,11.6585436,8.4011183
Gashaka,2.0,0,8198.59,7.5071871,11.3402371
Gassol,1.5,0,1533.25,8.3828235,10.4650956
Gaya,1.5,1,14866.65,11.8189571,9.0267113
Gbako,2.0,0,15031.26,9.2790366,5.9973716
Gboko,1.5,0,9672.65,7.3778482,8.8713224
Geidam,1.5,1,1092.81,12.8952043,11.9264702
Gezawa,1.5,0,7953.35,12.0643182,8.7188397
Giade,1.5,1,20000.0,11.4165826,10.2346898
Girei,1.5,1,10488.2,9.418212,12.4745425
Giwa,1.5,1,20000.0,11.0464629,7.2339435
Gokana,1.5,1,3864.95,4.6578536,7.2944847
Gombe,1.5,1,2458.31,10.4304018,11.2065408
Gombi,3.0,0,3449.07,10.2425242,12.53884
Goronyo,1.5,1,13481.23,13.3498618,5.7675412
Gubio,1.5,1,3775.63,12.6718417,12.7756347
Gudu,1.5,1,20000.0,13.4596132,4.4512601
Gujba,3.0,1,17244.57,11.344585,11.9202736
Gulani,1.5,1,3470.16,10.9178343,11.6427552
Guma,1.5,0,8400.25,7.8682914,8.8286537
Gumel,1.5,1,20000.0,12.6232524,9.4044169
Gummi,1.5,1,4271.94,12.0443133,5.1088086
Gurara,1.5,1,1378.25,9.3250486,7.0316675
Guri,1.5,1,733.63,12.7284315,10.4197948
Gusau,1.5,1,785.38,12.1658358,6.6606398
Guyuk,1.5,1,9667.07,9.8359475,11.9223112
Guzamala,1.5,1,20000.0,12.8640065,13.2508969
Gwadabawa,1.5,1,8248.51,13.4160911,5.3227333
Gwagwalada,1.5,1,170.94,8.9360261,7.0859144
Gwale,1.5,1,6170.06,11.9747465,8.4746362
Gwandu,1.5,1,20000.0,12.4893811,4.6277949
Gwaram,1.5,1,19970.9,11.2198673,10.0506649
Gwarzo,1.5,1,8456.45,11.9009397,7.9836793
Gwer East,1.5,0,20000.0,7.378217,8.3527425
Gwer West,1.5,0,20000.0,7.6210447,8.206342
Gwiwa,1.5,1,16238.83,12.7376334,8.292064
Gwoza,1.5,1,3505.84,11.0831008,13.6941974
Hawul,1.5,1,834.35,10.4545467,12.3077703
Hong,3.0,0,6244.22,10.2622947,12.9479254
Ibadan North,4.0,0,594.04,7.4206526,3.9092156
Ibadan North West,15.0,0,1850.49,7.4036511,3.871402
Ibadan South West,15.0,1,823.7,7.3733705,3.8589668
Ibaji,1.5,0,4641.24,6.7915719,6.7599354
Ibarapa Central,1.5,1,10935.09,7.4115165,3.247705
Ibarapa East,1.5,0,3589.59,7.5840667,3.459362
Ibarapa North,1.5,0,2217.54,7.6445747,3.1731014
Ibeju/Lekki,7.0,1,16589.98,6.4711251,3.8147504
Ibeno,1.5,0,2846.98,4.5580121,8.1085551
Ibesikpo Asutan,1.5,1,7381.98,4.9179451,7.9647991
Ibi,1.5,1,1163.87,8.182155,9.7472789
Ibiono Ibom,1.5,1,6969.5,5.2040105,7.8974506
Idah,1.5,1,538.56,7.1099854,6.7340488
Idanre,1.5,0,1511.11,6.975549,5.2547047
Ideato North,1.5,1,8452.88,5.8611507,7.1358232
Ideato South,1.5,0,3109.34,5.8053246,7.1389231
Idemili North,1.5,1,6479.81,6.1371463,6.8856971
Idemili South,1.5,0,5839.77,6.0722537,6.8332372
Ido,2.0,0,1339.71,7.5191533,3.697842
Ido-Osi,1.5,1,20000.0,7.8633483,5.1969435
Ifako-Ijaye,1.5,1,4996.27,6.6604933,3.3214708
Ife Central,1.5,1,3608.38,7.5463691,4.5280269
Ife East,1.5,0,10312.42,7.403415,4.5995946
Ife North,1.5,0,5428.55,7.2776156,4.4528658
Ife South,1.5,1,5604.04,7.2248225,4.6099752
Ifedayo,1.5,1,2874.62,7.9618888,4.9848067
Ifedore,1.5,0,5056.75,7.3528421,5.1103681
Ifelodun,3.0,0,3804.69,7.9045165,4.6370338
Ifo,1.5,0,9355.12,6.7563533,3.2416864
Igabi,1.5,1,10831.48,10.7490822,7.5289498
Igalamela-Odolu,1.5,0,1080.41,7.0354145,7.0591062
Igbo-Etiti,1.5,0,20000.0,6.6889069,7.4059266
Igbo-Eze North,1.5,0,20000.0,7.0047968,7.4594853
Igbo-Eze South,1.5,0,18628.11,6.9519151,7.3499866
Igueben,1.5,1,20000.0,6.6018648,6.242448
Ihiala,1.5,1,6892.24,5.8443234,6.8732874
Ihitte/Uboma,1.5,0,3572.56,5.6492083,7.3814958
Ijebu East,2.0,0,3718.41,6.8181465,4.2512575
Ijebu North,4.0,0,2610.96,7.032131,3.9914572
Ijebu North East,4.0,0,10448.7,6.887079,4.0068673
Ijebu Ode,1.5,1,10006.91,6.8140077,3.9151668
Ijero,1.5,0,17958.29,7.8317359,5.0583553
Ijumu,1.5,0,20000.0,7.842371,5.8957474
Ika,1.5,1,8235.0,5.0161686,7.542619
Ika North East,1.5,1,14369.54,6.2361939,6.320777
Ika South,1.5,0,8252.99,6.1849053,6.1380809
Ikara,1.5,0,1630.46,11.3111222,8.1640685
Ikeduru,1.5,0,664.75,5.5596812,7.1489271
Ikeja,1.5,1,6188.68,6.5974727,3.3432815
Ikenne,15.0,1,7153.56,6.9010633,3.6977168
Ikere,1.5,1,20000.0,7.5135717,5.2202759
Ikole,1.5,0,20000.0,7.8831532,5.5156487
Ikom,1.5,1,2333.77,5.962765,8.7239694
Ikono,1.5,1,9098.42,5.1832347,7.7908996
Ikorodu,3.0,1,3578.46,6.6191233,3.5041271
Ikot Abasi,1.5,0,1382.52,4.5850454,7.635553
Ikot Ekpene,1.5,1,1163.86,5.181975,7.7132177
Ikpoba-Okha,1.5,1,9816.92,6.1997654,5.6622467
Ikwerre,1.5,1,14413.9,5.0705152,6.8820046
Ikwo,1.5,0,65.22,6.0830204,8.1856299
Ikwuano,1.5,0,20000.0,5.4092775,7.5729916
Ila,3.0,0,5431.44,7.9702752,4.8951082
Ilaje,1.5,1,5635.11,6.1963821,4.7590558
Ile-Oluji-Okeigbo,1.5,1,15489.57,7.2369326,4.8913266
Ilesha East,1.5,0,12752.93,7.6113053,4.7621063
Ilesha West,1.5,0,7561.62,7.6388128,4.7163994
Illela,1.5,1,4031.6,13.6664957,5.321407
Ilorin East,3.0,0,9034.54,8.5932799,4.7853981
Ilorin South,2.0,0,2034.68,8.4404502,4.6894414
Ilorin West,1.5,1,1212.38,8.4864338,4.5138928
Imeko-Afon,1.5,0,13568.81,7.6689512,2.8602162
Ingawa,1.5,1,8480.62,12.6149151,8.1109489
Ini,1.5,0,12927.25,5.4039717,7.7515186
Ipokia,1.5,0,11594.15,6.6435327,2.8114232
Irele,1.5,1,4388.0,6.4894071,4.8700171
Irepo,1.5,0,20000.0,9.0246081,3.8849516
Irepodun,3.0,0,1579.02,7.8954838,4.5222317
Irepodun/Ifelodun,1.5,0,20000.0,7.706224,5.2644602
Irewole,4.0,0,2177.21,7.4233538,4.2112928
Isa,1.5,1,650.77,13.202844,6.4057228
Ise/Orun,1.5,1,20000.0,7.4205606,5.384951
Iseyin,1.5,1,12943.56,7.9710106,3.5956141
Ishielu,1.5,1,1820.14,6.4270885,7.8441149
Isi-Uzo,1.5,0,19435.72,6.7418618,7.6809367
Isiala Mbano,1.5,0,3314.38,5.6846896,7.1963538
Isiala-Ngwa North,1.5,0,16206.65,5.2795472,7.4422931
Isiala-Ngwa South,1.5,0,9546.22,5.3855522,7.4163509
Isin,4.0,0,11266.59,8.2579064,5.0388491
Isiukwuato,1.5,1,2105.08,6.4519351,7.5047277
Isokan,4.0,0,7222.69,7.2917009,4.1970783
Isoko North,1.5,0,10476.68,5.5213421,6.1308705
Isoko South,1.5,1,1099.89,5.3895204,6.2110496
Isu,1.5,1,2861.24,5.6868983,7.0561313
Itas/Gadau,1.5,1,4504.14,11.877064,10.0445349
Itesiwaju,1.5,0,20000.0,8.2107134,3.5481983
Itu,1.5,0,6440.17,5.1451749,8.0032914
Ivo,1.5,1,11388.43,5.9093492,7.637395
Iwajowa,1.5,0,20000.0,7.9901335,2.9887347
Iwo,1.5,1,4645.81,7.633333,4.183333
Izzi,1.5,0,6134.38,6.5523757,8.2718631
Jaba,1.5,1,5772.39,9.4747461,8.0124917
Jada,1.5,0,3778.7,8.6964628,12.3215818
Jahun,1.5,1,16038.68,12.0753808,9.6257925
Jakusko,1.5,1,20000.0,12.3691,10.7744631
Jalingo,1.5,1,1066.57,8.894985,11.360042
Jama'are,1.5,1,4831.47,11.6515401,9.8885184
Jega,1.5,1,10428.24,12.1012026,4.4659199
Jema'a,1.5,1,2657.69,9.4136358,8.2529284
Jere,1.5,0,4765.33,11.9360745,13.1816703
Jibia,1.5,1,1178.71,12.9826952,7.467752
Jos East,1.5,0,12147.93,9.872746,9.1340164
Jos North,1.5,1,354.97,9.9421959,8.8929852
Jos South,1.5,0,4588.1,9.7587528,8.8487805
Kabba/Bunu,10.0,0,20000.0,8.0700982,6.1414186
Kabo,1.5,1,9111.83,11.8914633,8.2006285
Kachia,1.5,1,10441.01,9.8570726,7.6885857
Kaduna North,1.5,0,2391.71,10.5561853,7.4527471
Kafin Hausa,1.5,1,13100.99,12.1643718,9.9873569
Kafur,1.5,1,3144.68,11.632705,7.6975486
Kaga,1.5,1,20000.0,11.6008803,12.5301876
Kagarko,2.0,1,7595.08,9.4903756,7.5743264
Kaiama,15.0,0,20000.0,9.5360179,4.1148138
Kaita,1.5,1,7944.39,13.1799187,7.7922704
Kajola,1.5,1,14166.44,8.0285326,3.3585943
Kajuru,3.0,1,7834.61,10.2550515,7.7714939
Kala/Balge,1.5,1,197.79,11.906762,14.4562539
Kalgo,1.5,0,3766.03,12.3898376,4.0431789
Kaltungo,1.5,0,2126.29,9.8269458,11.4361064
Kanam,3.0,0,12543.39,9.491138,10.1545302
Kankara,1.5,1,8098.34,11.9720225,7.3609374
Kanke,1.5,0,7580.87,9.3671789,9.6393549
Kankia,1.5,1,12580.0,12.4289363,7.7953999
Karasuwa,1.5,1,20000.0,13.0000596,10.6717985
Karaye,1.5,1,2342.31,11.7608489,7.9788017
Karim-Lamido,1.5,0,16481.32,9.1473131,10.8580208
Karu,1.5,1,165.9,8.995008,7.7512256
Katagum,1.5,1,20000.0,11.6557329,10.3503719
Katcha,5.0,1,438.52,8.7617343,6.311747
Katsina,1.5,1,5862.73,12.5630825,7.6207063
Katsina-Ala,1.5,0,2114.64,7.313762,9.5660977
Kaugama,1.5,1,20000.0,12.5509256,9.7591978
Kaura,1.5,1,706.2,9.6424163,8.4516188
Kaura Namoda,1.5,1,6332.33,12.4773306,6.5716659
Kauru,1.5,1,9296.04,10.3557989,8.1828454
Kazaure,1.5,1,16162.1,12.6649357,8.4352429
Keana,1.5,0,1248.19,8.1726904,8.7560264
Kebbe,1.5,0,15469.84,11.8863543,4.7436167
Keffi,1.5,1,1231.64,8.8453176,7.876834
Khana,1.5,0,486.07,4.6693695,7.4375406
Kibiya,1.5,1,12871.1,11.4926881,8.6969015
Kirfi,2.0,1,11369.83,10.4393765,10.5360929
Kiri Kasamma,1.5,0,7942.35,12.6932,10.2551
Kiru,1.5,0,2834.4,11.5568483,8.0989509
Kiyawa,1.5,0,11740.76,11.7964786,9.5194975
Kogi,1.5,1,880.0,7.7949602,6.6868669
Koko/Besse,1.5,1,6431.2,11.4355339,4.4793871
Kokona,1.5,0,13897.98,8.8461237,8.0833607
Kolokuma/Opokuma,1.5,0,1481.61,5.0663759,6.2461084
Konduga,1.5,0,13971.36,11.6327538,13.1840692
Konshisha,1.5,1,3125.59,7.1204698,8.6180473
Kontagora,1.5,1,1269.43,10.399893,5.4694905
Kosofe,1.5,1,1007.77,6.581974,3.4148359
Kubau,1.5,1,486.77,10.8121332,8.3609171
Kudan,1.5,1,4110.32,11.2638864,7.7175626
Kuje,3.0,0,20000.0,8.6984415,7.3004993
Kukawa,1.5,1,20000.0,13.1239109,13.7775223
Kumbotso,1.5,1,5791.9,11.9174554,8.5198363
Kunchi,1.5,1,3493.31,12.4684379,8.2590837
Kura,1.5,1,3825.61,11.7791433,8.4743857
Kurfi,1.5,1,3792.32,12.6891921,7.4606759
Kurmi,4.0,0,2921.17,7.2643352,10.7014076
Kusada,1.5,0,2664.61,12.4618432,7.9485737
Kwali,1.5,1,10161.94,8.8205774,7.037166
Kwami,1.5,0,7621.91,10.4918757,11.2274196
Kwande,1.5,0,203.72,6.8549397,9.3998035
Kware,1.5,0,2069.17,13.1554579,5.2931233
Kwaya Kusar,1.5,1,1177.41,10.4857449,11.8543195
Lafia,1.5,1,5052.02,8.4960459,8.5147636
Lagelu,7.0,0,7469.94,7.5116973,4.0789034
Lagos Mainland,1.5,1,232.14,6.4932779,3.3883546
Lamurde,1.5,0,1203.46,9.6072357,11.7930477
Langtang North,1.5,0,628.12,9.0494609,9.8187243
Langtang South,1.5,0,14805.4,8.5842962,9.8329948
Lapai,1.5,0,591.12,8.781127,6.6753811
Lau,1.5,0,702.18,9.1939002,11.4630191
Lavun,1.5,0,20000.0,9.3823776,5.6366923
Lere,7.0,0,2293.91,10.3617512,8.5723993
Logo,1.5,0,8643.38,7.6671713,9.2074676
Lokoja,1.5,1,1131.43,7.802355,6.7430327
Machina,1.5,1,20000.0,13.0342994,10.0474618
Madagali,1.5,0,3197.02,10.786603,13.4885513
Madobi,1.5,0,4029.24,11.8179194,8.3432693
Mafa,1.5,1,5331.62,11.9239025,13.6002436
Magama,1.5,0,2338.37,10.2990765,5.0610888
Magumeri,1.5,1,20000.0,12.1432355,12.6629372
Mai'adua,1.5,1,12535.26,13.161061,8.2129682
Maiduguri,1.5,1,1011.5,11.8395375,13.1536214
Maigatari,1.5,1,20000.0,12.6935744,9.6103451
Maiha,1.5,0,6725.55,9.8562705,13.1576397
Maiyama,1.5,1,4971.33,12.0068976,4.2962992
Makoda,1.5,1,15327.8,12.4269267,8.4312888
Makurdi,1.5,1,1070.26,7.7312634,8.538425
Malam Madori,1.5,1,14807.46,12.5297795,9.8959769
Malumfashi,1.5,1,8627.39,11.8663485,7.8091868
Mangu,1.5,0,3003.85,9.3622294,9.1816302
Mani,1.5,1,10205.83,12.9074412,7.9331795
Maradun,1.5,1,8811.56,12.7162901,6.3270017
Mariga,1.5,0,150.97,10.6073683,5.8670483
Marte,1.5,0,8828.52,12.4029201,13.8326386
Maru,1.5,1,16764.75,11.636483,6.3200966
Mashegu,1.5,0,20000.0,9.8155046,5.2392304
Mashi,1.5,1,14196.43,13.1318643,8.0128383
Matazu,1.5,1,18994.27,12.2380556,7.6587901
Mayo-Belwa,1.5,0,2686.86,8.871243,12.0202268
Mbaitoli,1.5,1,4011.22,5.5935474,7.0191523
Mbo,1.5,1,1704.11,4.6506469,8.2493976
Michika,1.5,0,1992.89,10.577505,13.4045579
Miga,1.5,0,2606.83,12.235652,9.6980272
Mikang,1.5,0,2877.78,9.0122647,9.5544813
Minjibir,1.5,1,7276.98,12.1936318,8.6142193
Misau,1.5,1,13008.1,11.3861194,10.4685521
Mkpat Enin,1.5,1,10015.06,4.7047345,7.7610095
Moba,1.5,1,18584.48,7.9928837,5.131158
Mobbar,1.5,0,16751.93,13.0669035,12.6776969
Mokwa,2.0,0,5829.9,9.1218968,5.3232819
Monguno,1.5,0,20000.0,12.6534453,13.6856712
Mopa-Muro,1.5,0,8082.27,8.1404458,5.888926
Moro,1.5,0,3261.5,8.8535638,4.5154722
Mubi North,1.5,0,804.72,10.2801221,13.3214501
Mubi South,1.5,0,8063.28,10.148035,13.3284979
Musawa,1.5,1,16058.25,12.1112494,7.7097378
Mushin,1.5,1,5459.94,6.5247655,3.3516348
Muya,1.5,1,382.39,10.749001,7.115305
Nafada,1.5,0,4079.2,11.0505637,11.2551261
Nangere,1.5,1,3515.29,11.8075446,11.0562868
Nasarawa,1.5,1,816.69,8.4387868,8.2382849
Ndokwa East,1.5,0,4458.53,5.6582752,6.4961408
Ndokwa West,1.5,0,5221.02,5.8260994,6.4163551
Nembe,1.5,0,146.87,4.5154824,6.2831826
Ngala,1.5,0,561.78,12.3758114,14.0852342
Nganzai,1.5,1,4018.21,12.4493445,13.1252411
Ngaski,1.5,0,705.84,10.5767008,4.7208828
Ngor-Okpala,1.5,1,1370.74,5.3274231,7.1575034
Nguru,1.5,1,7979.74,12.875615,10.4540091
Ningi,1.5,1,742.61,11.0046287,9.2016788
Njaba,1.5,1,996.88,5.7054952,7.0021319
Njikoka,1.5,1,7567.73,6.1892624,6.9937842
Nkanu East,1.5,0,5545.58,6.3371067,7.6610906
Nkanu West,1.5,0,4581.04,6.3215568,7.5208351
Nkwerre,1.5,1,3167.51,5.7442951,7.0994267
Nnewi North,1.5,1,6457.63,6.006232,6.9120158
Nnewi South,1.5,0,6198.68,5.9604744,6.9807066
Nsit Atai,1.5,1,14450.0,4.8185556,8.013983
Nsit Ibom,1.5,1,1128.92,4.9036345,7.896614
Nsit Ubium,1.5,0,7110.85,4.7597313,7.9487236
Nsukka,1.5,1,20000.0,6.8561,7.3927
Numan,1.5,1,1639.73,9.4598443,12.0359283
Nwangele,1.5,0,560.0,5.7111706,7.1195741
Obafemi-Owode,3.0,0,8012.83,6.9171662,3.4459066
Obanliku,1.5,0,15198.27,6.4864846,9.2946334
Obi,1.5,0,19626.51,7.0439804,8.3038379
Obi Ngwa,1.5,0,8207.64,5.1522715,7.4478142
Obokun,1.5,1,2884.56,7.7744022,4.7781458
Obot Akara,1.5,1,4836.02,5.243455,7.6006957
Obowo,1.5,0,4804.72,5.5585649,7.3605637
Obubra,1.5,0,7924.73,6.015311,8.4146667
Obudu,1.5,0,2070.01,6.5583976,9.0532889
Odeda,1.5,0,4273.0,7.3126235,3.4564069
Odigbo,1.5,1,2236.14,6.7318828,4.8851666
Odo-Otin,1.5,1,1045.04,8.0074435,4.6790483
Odogbolu,7.0,1,650.92,6.8077002,3.8141003
Odukpani,1.5,0,3593.99,5.1865544,8.1975491
Offa,1.5,1,8554.62,8.1560008,4.7227435
Ofu,1.5,1,14183.07,7.3294933,7.068971
Ogba/Egbema/Ndoni,1.5,0,2319.98,5.4512857,6.6409178
Ogbadibo,1.5,1,20000.0,7.008833,7.6456569
Ogbaru,1.5,0,3716.82,5.9212864,6.7609969
Ogbia,1.5,1,353.11,4.7957445,6.3138193
Ogbomosho North,1.5,1,1231.19,8.1568767,4.2633807
Ogo Oluwa,1.5,0,4177.26,7.9610822,4.1808762
Ogoja,1.5,0,1574.71,6.527803,8.6878448
Ogori/Magongo,1.5,0,11880.12,7.4786735,6.1558739
Ogu/Bolo,1.5,0,321.99,4.6742177,7.201702
Ogun waterside,1.5,1,3981.66,6.4608379,4.3903695
Oguta,1.5,0,2195.79,5.6594644,6.7783824
Ohafia,1.5,1,17519.39,5.6629148,7.8324886
Ohaji/Egbema,1.5,0,9087.36,5.4234836,6.8388261
Ohaozara,1.5,1,3049.33,6.0045553,7.7938501
Ohaukwu,1.5,0,13943.36,6.5240374,8.0108481
Ohimini,1.5,0,20000.0,7.2502554,7.9572672
Oji-River,1.5,0,8657.41,6.1654933,7.3030229
Ojo,1.5,0,1275.54,6.4624975,3.1657099
Oju,1.5,1,12686.21,6.8701551,8.3636442
Oke-Ero,1.5,0,5688.38,8.1803193,5.2964357
Okehi,1.5,0,3721.42,7.7331346,6.3561003
Okene,1.5,0,796.26,7.4610396,6.398817
Okigwe,1.5,0,6357.83,5.8227091,7.3198299
Okitipupa,1.5,0,7343.96,6.5654448,4.7294512
Okobo,1.5,0,8048.56,4.8136649,8.1239681
Okpe,1.5,0,3945.55,5.7004104,5.7518793
Okpokwu,1.5,0,20000.0,7.0453758,7.9101002
Okrika,1.5,0,182.12,4.6920776,7.0614745
Ola-oluwa,1.5,0,8755.78,7.7457421,4.1994322
Olorunda,1.5,0,5176.13,7.8734477,4.5821284
Olorunsogo,1.5,0,19581.21,8.7931509,4.0601689
Oluyole,5.0,0,2576.39,7.2195796,3.8929879
Omala,1.5,0,20000.0,7.777828,7.5658863
Omumma,1.5,1,2699.26,5.0931204,7.235432
Ona-Ara,5.0,0,4492.16,7.258719,4.064942
Ondo East,1.5,0,4263.05,7.066805,4.9623712
Ondo West,1.5,0,11483.9,7.0331467,4.7687111
Onicha,1.5,1,10656.51,6.1085424,7.8142408
Onitsha North,1.5,1,807.59,6.1513108,6.8026218
Onna,1.5,1,1752.83,4.6367584,7.8723707
Opobo/Nkoro,1.5,1,295.91,4.5092548,7.5209388
Oredo,1.5,0,130.23,6.2297631,5.5617902
Orelope,1.5,0,20000.0,8.7941346,3.8019227
Orhionmwon,1.5,0,2285.35,6.0884175,5.9483601
Ori Ire,1.5,0,1769.16,8.3093052,4.2035848
Oriade,1.5,1,20000.0,7.5530772,4.867415
Orlu,1.5,1,2619.73,5.8179105,7.0409322
Orolu,1.5,0,6952.93,7.903355,4.4735706
Oron,1.5,1,1165.9,4.8169432,8.2369999
Orsu,1.5,0,5889.58,5.8494268,6.9828062
Oru East,1.5,1,6301.04,5.7274848,6.9478755
Oru West,1.5,1,6766.82,5.7544954,6.9107675
Oruk Anam,1.5,1,11009.45,4.8202351,7.6508147
Orumba North,1.5,0,2029.52,6.1134022,7.1625696
Orumba South,1.5,1,12644.02,5.9892248,7.2049199
Ose,1.5,0,8516.29,7.051014,5.7286513
Oshimili North,1.5,0,6919.87,6.30333,6.6477729
Oshimili South,1.5,0,2622.49,6.1303621,6.7307334
Oshodi-Isolo,1.5,1,8956.84,6.5398494,3.312384
Osisioma Ngwa,1.5,0,3253.72,5.1924923,7.3358399
Osogbo,1.5,0,1826.26,7.7583223,4.5750447
Oturkpo,1.5,1,20000.0,7.1912599,8.1328576
Ovia North East,1.5,0,6974.36,6.3963337,5.5027204
Ovia South West,1.5,0,12619.54,6.4709535,5.2991591
Owan East,1.5,0,12483.49,7.0306056,6.1056297
Owan West,1.5,0,8325.61,6.9274464,5.8934672
Owerri North,1.5,0,1152.79,5.4323857,7.1074755
Owerri West,1.5,1,1337.79,5.4068275,6.9851183
Owerri-Municipal,1.5,1,528.1,5.4799006,7.0219827
Owo,1.5,1,20000.0,7.1962012,5.5868016
Oye,1.5,0,20000.0,7.8805359,5.3375344
Oyi,1.5,1,545.82,6.2395957,6.907348
Oyigbo,1.5,1,1447.99,4.8814078,7.1334475
Oyo East,1.5,0,5039.36,7.8700811,4.0289582
Oyo West,1.5,0,6627.56,7.9571932,3.8166315
Oyun,1.5,0,10142.1,8.1998492,4.6316354
Paikoro,5.0,0,14956.84,9.4930392,6.8376786
Pankshin,1.5,0,1830.11,9.3054781,9.3794144
Patani,1.5,0,2585.34,5.1745322,6.0940441
Pategi,2.0,0,6623.4,8.6704602,5.8172728
Port-Harcourt,1.5,1,1122.63,4.7676576,7.0188527
Potiskum,1.5,1,1198.99,11.7122553,11.0762744
Qua'an Pan,1.5,0,4281.65,8.7664165,9.1244816
Rabah,1.5,1,1735.19,13.0019668,5.7945252
Rafi,4.0,0,3299.61,10.2138948,6.2071102
Rano,1.5,0,6968.33,11.4850802,8.5136042
Remo North,15.0,0,1445.82,6.9954504,3.7177572
Rijau,1.5,0,2331.74,11.0430889,5.2174572
Rimi,1.5,1,1118.93,12.8919095,7.7145423
Rimin Gado,1.5,1,5485.36,11.9243341,8.3318596
Ringim,1.5,0,6703.5,12.1658289,9.1100548
Riyom,1.5,0,608.27,9.5564637,8.704925
Rogo,1.5,1,127.83,11.5090482,7.8533616
Roni,1.5,1,6689.99,12.563882,8.3709345
Sabon Birni,1.5,0,7551.99,13.5311002,6.2175118
Sabon-Gari,1.5,1,2911.32,11.1665682,7.7068114
Sabuwa,1.5,1,10839.79,11.3401382,7.0754897
Safana,1.5,1,19071.17,12.5182313,7.2324827
Sagbama,1.5,0,240.92,5.0969489,6.1267442
Sakaba,1.5,1,5572.72,11.1775635,5.5420716
Saki East,1.5,0,9195.58,8.710249,3.5676274
Saki West,1.5,0,16966.37,8.6429222,3.2031583
Sandamu,1.5,1,6165.31,12.9326254,8.4056984
Sanga,1.5,0,6214.19,9.2458822,8.4593907
Sapele,1.5,1,976.33,5.8948144,5.6795885
Sardauna,1.5,0,12270.13,6.929532,11.2229288
Shagamu,5.0,1,1213.61,6.8477165,3.6440551
Shagari,1.5,1,11046.44,12.5426651,5.0724551
Shanga,1.5,1,150.92,11.1964232,4.6058888
Shani,1.5,1,1819.28,10.151198,11.9796686
Shanono,1.5,1,667.94,12.097207,7.9264412
Shelleng,1.5,0,57.94,9.9784484,12.1080891
Shendam,1.5,0,2507.48,8.7365546,9.5155524
Shinkafi,1.5,0,7812.77,13.0373049,6.3704843
Shira,1.5,1,13090.77,11.4648844,10.0629941
Shiroro,10.0,0,5230.74,10.0841804,6.7189286
Shomolu,1.5,1,4400.84,6.5335645,3.3841634
Silame,1.5,1,5945.46,12.9891629,4.8202412
Soba,1.5,1,10875.1,10.9579962,8.0299052
Sokoto North,1.5,1,1204.02,13.0665791,5.2331985
Sokoto South,1.5,1,3395.34,13.03565,5.2629592
Song,1.5,0,861.23,9.7789798,12.642119
Southern Ijaw,1.5,0,2527.28,4.7132198,5.8767913
Sule-Tankarkar,1.5,1,20000.0,12.6512968,9.2475428
Suleja,1.5,0,2761.24,9.2081657,7.1871897
Sumaila,1.5,0,10349.7,11.2581601,8.8702242
Suru,1.5,0,223.68,11.7923495,4.1460127
Surulere,1.5,1,2654.96,6.4855737,3.3539907
Tafa,1.5,0,9287.63,9.2379532,7.2587751
Tafawa-Balewa,3.0,1,3819.79,9.8441524,9.5933061
Tai,1.5,0,7111.8,4.7698464,7.261975
Takai,1.5,0,7546.86,11.4853125,9.1560448
Takum,1.5,1,13510.01,7.2549376,9.9852661
Talata Mafara,1.5,1,11669.93,12.3990101,6.0825831
Tambuwal,1.5,1,20000.0,12.3986484,4.9429866
Tangaza,1.5,1,13643.38,13.4791553,4.9704261
Tarauni,1.5,1,3388.78,11.9614371,8.565161
Tarka,1.5,0,8378.64,7.6149052,8.823735
Tarmua,1.5,1,20000.0,12.226929,11.8318975
Taura,1.5,1,8908.14,12.2724893,9.3624188
Tofa,1.5,1,3209.32,12.0245844,8.341578
Toro,7.0,1,6570.21,10.3502951,9.328662
Toto,1.5,0,14957.96,8.2616496,7.1971572
Toungo,1.5,1,1091.07,8.11751,12.0469523
Tsafe,1.5,1,18633.81,11.8234446,6.9042433
Tsanyawa,1.5,1,530.47,12.2847503,7.9963794
Tudun Wada,1.5,1,4095.9,11.315692,8.5239039
Tureta,1.5,1,8413.98,12.5190328,5.4949963
Udenu,1.5,0,20000.0,6.8958276,7.5608051
Udi,1.5,1,5388.5,6.4361489,7.3987364
Udu,1.5,0,4420.25,5.477352,5.821686
Udung Uko,1.5,1,3312.72,4.7505095,8.2631939
Ughelli North,1.5,0,7930.97,5.4868836,6.0175259
Ughelli South,1.5,0,5492.09,5.3602094,5.9677787
Ugwunagbo,1.5,0,6304.89,5.0223494,7.3554656
Uhunmwonde,1.5,0,20000.0,6.5259362,5.9000732
Ukanafun,1.5,0,6573.28,4.9038458,7.6055028
Ukum,1.5,0,14037.74,7.6077266,9.6059233
Ukwa East,1.5,0,6919.26,4.9369271,7.4028023
Ukwa West,1.5,1,9954.7,4.9791653,7.2646812
Ukwuani,1.5,0,4000.92,5.84944,6.2520583
Umu-Nneochi,1.5,1,17902.57,5.9731936,7.4053403
Umuahia North,1.5,1,3700.42,5.6078214,7.4762003
Umuahia South,1.5,0,7155.01,5.4980793,7.4618449
Ungogo,1.5,1,4715.78,12.0916,8.49534
Unuimo,1.5,0,3006.09,5.7964888,7.2302642
Uruan,1.5,0,8.99,5.0038805,8.0774824
Urue-Offong/Oruko,1.5,1,6817.86,4.7223909,8.1688014
Ushongo,1.5,0,19233.86,7.1040666,9.097224
Ussa,3.0,0,3677.15,7.1040816,10.0535879
Uvwie,1.5,1,1309.27,5.5639359,5.7838249
Uyo,1.5,0,7872.53,4.990237,7.9974399
Uzo-Uwani,1.5,0,19948.47,6.6896644,7.1623308
Vandeikya,1.5,1,7615.12,6.8334444,9.0458344
Wamako,1.5,1,1789.62,13.0821193,5.1071233
Wamba,1.5,0,2107.15,9.0034175,8.7170567
Warawa,1.5,1,2193.0,11.9046272,8.7934017
Warji,1.5,1,4336.92,11.1465091,9.7588179
Warri North,1.5,0,3494.72,5.9235306,5.1348618
Warri South,1.5,1,184.46,5.626158,5.6514533
Warri South West,1.5,0,591.03,5.6042278,5.3230331
Wasagu/Danko,1.5,1,8982.0,11.3811742,5.7464525
Wase,3.0,0,4298.75,9.0070529,10.2440209
Wudil,1.5,1,3238.7,11.76688,8.8390149
Wukari,1.5,1,6459.27,7.8705196,9.7775523
Wurno,1.5,1,5367.74,13.2428503,5.4760516
Wushishi,1.5,0,1596.58,9.7113466,5.9103153
Yabo,1.5,0,6065.95,12.7727698,4.9280534
Yagba East,2.0,0,9426.04,8.1347528,5.7048151
Yagba West,1.5,0,11986.99,8.2763953,5.5564206
Yakurr,1.5,1,6420.14,5.8176086,8.1779057
Yala,1.5,0,2335.82,6.5895948,8.4959311
Yamaltu/Deba,1.5,1,2702.43,10.3071708,11.3732153
Yankwashi,1.5,1,20000.0,12.7396442,8.5605791
Yauri,1.5,1,2927.43,10.7769052,4.734335
Yenegoa,1.5,1,971.62,4.9334651,6.2747786
Yola North,1.5,0,827.46,9.266285,12.251132
Yola South,1.5,0,3932.09,9.2581806,12.4082125
Yorro,1.5,0,4525.17,8.8803048,11.5067844
Yunusari,1.5,1,13093.01,13.114159,11.7686413
Yusufari,1.5,1,14799.81,13.156975,10.4922742
Zaki,1.5,1,3974.24,12.1874661,10.2448206
Zango,1.5,1,18073.66,12.95365,8.5446236
Zango-Kataf,2.0,1,5832.04,9.8374975,8.4065268
Zaria,1.5,1,1500.61,11.0248119,7.6518533
Zing,1.5,0,20000.0,8.8585802,11.7650828
Zurmi,1.5,1,1830.29,12.8632427,6.7601807
Zuru,1.5,1,6305.4,11.436776,5.2311774
